project,zone,date,end_date,stage,floors,columns,slabs,walls,foundation,windows,roof,facade
housing_16,corpus_01,2026-04-01,2026-04-10,site_setup,0,0,0,0,false,0,false,false
housing_16,corpus_01,2026-04-11,2026-05-10,excavation,0,0,0,0,false,0,false,false
housing_16,corpus_01,2026-05-11,2026-06-09,foundation,0,16,0,0,true,0,false,false
housing_16,corpus_01,2026-06-10,2026-07-09,underground,0,16,1,1,true,0,false,false
housing_16,corpus_01,2026-07-10,2026-07-16,superstructure,1,16,1,0,true,0,false,false
housing_16,corpus_01,2026-07-17,2026-07-23,superstructure,2,16,2,0,true,0,false,false
housing_16,corpus_01,2026-07-24,2026-07-30,superstructure,3,16,3,0,true,0,false,false
housing_16,corpus_01,2026-07-31,2026-08-06,superstructure,4,16,4,0,true,0,false,false
housing_16,corpus_01,2026-08-07,2026-08-13,superstructure,5,16,5,0,true,0,false,false
housing_16,corpus_01,2026-08-14,2026-08-20,superstructure,6,16,6,0,true,0,false,false
housing_16,corpus_01,2026-08-21,2026-08-27,superstructure,7,16,7,0,true,0,false,false
housing_16,corpus_01,2026-08-28,2026-09-03,superstructure,8,16,8,0,true,0,false,false
housing_16,corpus_01,2026-09-04,2026-09-10,superstructure,9,16,9,0,true,0,false,false
housing_16,corpus_01,2026-09-11,2026-09-17,superstructure,10,16,10,0,true,0,false,false
housing_16,corpus_01,2026-09-18,2026-09-24,superstructure,11,16,11,0,true,0,false,false
housing_16,corpus_01,2026-09-25,2026-10-01,superstructure,12,16,12,0,true,0,false,false
housing_16,corpus_01,2026-10-02,2026-10-08,superstructure,13,16,13,0,true,0,false,false
housing_16,corpus_01,2026-10-09,2026-10-15,superstructure,14,16,14,0,true,0,false,false
housing_16,corpus_01,2026-10-16,2026-10-22,superstructure,15,16,15,0,true,0,false,false
housing_16,corpus_01,2026-10-23,2026-10-29,superstructure,16,16,16,0,true,0,false,false
housing_16,corpus_01,2026-10-30,2026-12-13,facade,16,16,16,0,true,16,true,true
